question,ground_truth
"What are the Acme Docs office hours?","09:00–17:00 Pacific Time, Monday through Friday"
"How do I connect to the VPN?","Use WireGuard and download the profile from the IT portal under Network → VPN"
"How much PTO do full-time staff get?","20 days of PTO each calendar year, accrued monthly"
"Do I need a receipt for a $40 expense?","Expenses under $75 do not need a receipt"
"How does on-call work?","Primary on-call rotates weekly and is paged via PagerDuty service docs-search"
"How do I reset my password?","Reset at https://id.acme.example/reset with MFA required"
"What is the staging hostname?","staging.acme.example, refreshed from prod nightly at 02:00 UTC"
"What is the search API SLA?","99.9% monthly availability excluding planned maintenance"
"What chunk size does production RAG use?","512 tokens with 64 tokens of overlap"
"Which embedding model is in production?","text-embedding-3-small with 1536 dimensions"
"What is the API rate limit?","60 requests per minute per API key"
"How long are application logs kept?","Application logs are retained for 30 days"
"How do I contact support?","Open a ticket in #docs-help or email support@acme.example"
"How often does the corpus reindex?","Every 6 hours, with manual reindex for admins"
"What languages does the assistant support?","Answers in English; uploaded docs may be English or Spanish"
"¿Cómo contacto a soporte?","Abre un ticket en #docs-help o escribe a support@acme.example."
